-- MySQL dump 10.13  Distrib 8.0.44, for Win64 (x86_64)
--
-- Host: 127.0.0.1    Database: papers_records
-- ------------------------------------------------------
-- Server version	8.0.44

/*!40101 SET @OLD_CHARACTER_SET_CLIENT=@@CHARACTER_SET_CLIENT */;
/*!40101 SET @OLD_CHARACTER_SET_RESULTS=@@CHARACTER_SET_RESULTS */;
/*!40101 SET @OLD_COLLATION_CONNECTION=@@COLLATION_CONNECTION */;
/*!50503 SET NAMES utf8mb4 */;
/*!40103 SET @OLD_TIME_ZONE=@@TIME_ZONE */;
/*!40103 SET TIME_ZONE='+00:00' */;
/*!40014 SET @OLD_UNIQUE_CHECKS=@@UNIQUE_CHECKS, UNIQUE_CHECKS=0 */;
/*!40014 SET @OLD_FOREIGN_KEY_CHECKS=@@FOREIGN_KEY_CHECKS, FOREIGN_KEY_CHECKS=0 */;
/*!40101 SET @OLD_SQL_MODE=@@SQL_MODE, SQL_MODE='NO_AUTO_VALUE_ON_ZERO' */;
/*!40111 SET @OLD_SQL_NOTES=@@SQL_NOTES, SQL_NOTES=0 */;

--
-- Table structure for table `all_papers_records`
--

DROP TABLE IF EXISTS `all_papers_records`;
/*!40101 SET @saved_cs_client     = @@character_set_client */;
/*!50503 SET character_set_client = utf8mb4 */;
CREATE TABLE `all_papers_records` (
  `论文名称` longtext COLLATE utf8mb4_unicode_ci,
  `年齡` longtext COLLATE utf8mb4_unicode_ci,
  `BMI` longtext COLLATE utf8mb4_unicode_ci,
  `月经情况` longtext COLLATE utf8mb4_unicode_ci,
  `不孕情况` longtext COLLATE utf8mb4_unicode_ci,
  `生活习惯` longtext COLLATE utf8mb4_unicode_ci,
  `刻下症` longtext COLLATE utf8mb4_unicode_ci,
  `既往病史` longtext COLLATE utf8mb4_unicode_ci,
  `生化检查` longtext COLLATE utf8mb4_unicode_ci,
  `超声检查` longtext COLLATE utf8mb4_unicode_ci,
  `复诊情况` longtext COLLATE utf8mb4_unicode_ci,
  `西医病名诊断` longtext COLLATE utf8mb4_unicode_ci,
  `中医证候诊断` longtext COLLATE utf8mb4_unicode_ci,
  `治法` longtext COLLATE utf8mb4_unicode_ci,
  `方剂` longtext COLLATE utf8mb4_unicode_ci,
  `针刺选穴` longtext COLLATE utf8mb4_unicode_ci,
  `辅助生殖技术` longtext COLLATE utf8mb4_unicode_ci,
  `西药` longtext COLLATE utf8mb4_unicode_ci,
  `疔效评价` longtext COLLATE utf8mb4_unicode_ci,
  `不良反应` longtext COLLATE utf8mb4_unicode_ci,
  `按语/评价说明` longtext COLLATE utf8mb4_unicode_ci
) ENGINE=InnoDB DEFAULT CHARSET=utf8mb4 COLLATE=utf8mb4_unicode_ci;
/*!40101 SET character_set_client = @saved_cs_client */;

--
-- Dumping data for table `all_papers_records`
--

/*!40000 ALTER TABLE `all_papers_records` DISABLE KEYS */;
INSERT INTO `all_papers_records` VALUES ('传统杵针合麦粒灸治疗卵泡发育不良验案1则_张雪梅.pdf','36岁',NULL,'近2年月经周期延长，2～3d/40～50d，月经量少而质薄，经色暗淡，偶有痛经；末次月经2015年8月10日，3d净，色淡暗，量少','结婚2年未避孕，一直未孕，无生育史',NULL,'神清，神疲乏力，面色晦暗，小腹坠胀，失眠，夜尿频，大便尚可，舌暗红、苔薄白，脉细弱','2015年1月10日外院做输卵管造影术后显示双侧输卵管通畅；曾使用促排卵药物克罗米酚及绒毛膜促性腺激素治疗，3个月经周期均未受孕','2015年1月14日（月经第3天）行性激素5项检查：FSH 15.24IU/L，LH 10.25IU/L，E2 23.48pg/ml，P 1.9nmol/L，PRL 26.8ng/ml；2月24及4月3日复查FSH值均＞12IU/L。治疗2个疗程后（12月8日）复查：FSH 8.94IU/L，LH 9.75IU/L，E2 21.35pg/ml，P 0.79nmol/L，PRL 23.5ng/ml','治疗前：卵泡发育超声监测排卵3个周期，均提示有排卵，卵泡15～16mm时排出，提示小卵泡周期。治疗后：第2个疗程月经周期第22天出现成熟卵泡，卵泡达18mm以上，外形饱满，卵泡位于卵巢表面，并向外突出；第3个疗程超声检测优势卵泡存在，卵泡达18mm以上','治疗2个疗程后，于12月8日复查性激素5项及卵泡发育超声监测；患者进行第3个疗程，超声检测优势卵泡存在，卵泡达18mm以上，于2016年2月7日告知成功受孕','卵泡发育不良型不孕症','不孕（脾肾阳虚，气血不足证）','健脾温肾，益气养血',NULL,'杵针：命门八阵、关元八阵、河车路（命门至长强段）、气穴、然谷、三阴交、足三里；艾盒灸：四满、关元、中极、气海、石门、肾俞、次髎、中髎、命门；麦粒灸：独阴、足临泣',NULL,'暂停西药治疗（曾用克罗米酚、绒毛膜促性腺激素）','成功受孕',NULL,'卵泡发育不良归为“月经失调”“全不产”“无子”等范畴。病机为先天不足，肾气虚弱，或精血亏损，冲任虚衰，胞脉失养。采用传统杵针疗法及灸法达到健脾温肾、益气养血之功，对脾肾阳虚、气血不足型不孕症有较好疗效。'),('王秀宝教授诊疗不孕症经验_陈月玲.pdf','30岁',NULL,'经期下腹胀痛加剧','未避孕未孕3年',NULL,'带下量多、色黄，下腹偶有胀痛，痛处固定，尚可忍受，经期加剧，婚久不孕，舌质暗红有紫斑，苔白腻，脉弦涩','解脲支原体感染病史','尿妊娠试验阳性','双侧输卵管通而不畅-伞端粘连；B超监测卵泡发育；阴道彩超提示宫内早孕','二诊：带下量多，色稍黄，质偏稠；三诊：腰酸、头晕；四诊：优势卵泡已成熟；五诊：下腹胀痛消失，带下量显著减少，色转清稀淡白，感乏力、腰酸','不孕症','不孕症（湿热瘀结证）','清热祛湿止带，化瘀通络；清热利湿，活血化瘀，佐以益气；阴阳并调，育肾通络；育肾温煦，暖宫摄精；行气活血，调畅冲任','蒲皂愈炎汤、孕1方、孕2方、圣愈调冲汤',NULL,'腹腔镜下盆腔粘连分离术＋左侧输卵管修复整形术＋宫腔镜双侧输卵管插管通液术',NULL,'临床妊娠（宫内早孕）',NULL,'本案治疗融贯中西，阶段分明，以手术速去“器质之阻”，以中药调“功能之乱”，术后予以“三阶助孕法”，辅以卵泡监测精准指导，最终患者受孕。'),('补肾健脾调冲法辨治女性不孕症验案1例_牛阿娜.pdf','33岁',NULL,'平素月经规律，13岁初潮，周期28天，经期3～4天，经量中，色黯红，无明显痛经；末次月经（LMP）2023年2月3日','婚后不避孕2+年未孕，孕产史G0P0，配偶精液检查无殊',NULL,'腰酸，入睡困难，眠浅易醒，大便溏，1～2次/日，舌淡胖、边有齿痕、苔色白、苔质厚腻，脉沉细',NULL,'2022年10月24日抗缪勒管激素（AMH）5.49 ng/mL；2023年5月15日查血HCG 162 IU/L，E2 299.39 pg/mL，P 92.12 nmol/L','2022年11月10日子宫输卵管造影（HSG）提示双侧输卵管通畅；2023年3月25日卵泡监测提示子宫内膜双层1.1 cm，右侧卵巢见一优势卵泡（约2.1 cm×2.1 cm×1.9 cm）；2023年6月10日停经8W+6D超声示宫内见1.4 cm胚芽，心搏可见','2月22日二诊便溏好转，腰酸眠浅仍有；3月13日三诊腰酸好转，夜寐改善，LMP 3月9日；3月25日四诊见优势卵泡，指导同房；4月8日五诊月经后期，HCG<0.1 IU/L；4月22日六诊LMP 4月9日；5月13日自测尿妊娠试验阳性','原发性不孕','不孕症（脾肾两虚证）','补肾健脾，调冲助孕','培土毓麟汤化裁（菟丝子、枸杞子、桑寄生、覆盆子、百合、大枣、太子参、党参、黄芪、炒白术、淮山药、炒白扁豆、姜半夏、姜厚朴、砂仁、绿梅花、炙甘草）；随证加减使用酸枣仁、姜竹茹、北柴胡、广木香、丝瓜络',NULL,'指导同房','人胎盘片、定坤丹','治疗2个月余受孕，随访孕38+周顺产1子，母子康健',NULL,'该案为脾肾两虚型不孕症。肾为主生殖之本，脾为后天之本，脾肾功能正常则冲任得充，男女之精正常搏结故胎孕得成。治疗以补肾健脾、调冲助孕为法，方选培土毓麟汤化裁，以后天补养先天，全方共奏补肾健脾，调冲种子之效。'),('通、补、疏三期序贯调经法治疗不孕症验案二则_陈杨.pdf','26岁',NULL,'12岁月经初潮，平素月经规律，周期28～30天，经期5～7天，量适中，色红，有少量血块。4年前出现经前腰酸、乳房胀满及小腹坠痛，月经来潮1～2天即出现下腹部痉挛性疼痛，可放射至腰骶部及腹股沟，持续至月经结束，严重时伴恶心、呕吐、肛门坠胀感等。','已婚，未避孕未孕2年。配偶身体健康，精液检查正常。性生活尚可，偶有性交疼痛，尤其在月经来潮前更加明显。','性格内敛，沉默少言。','现月经第2天，痛经明显；形体瘦薄，面色发白，痛苦面容，以手捂腹，语声低微，舌胖淡，色紫，边有齿痕，苔白，舌下脉络色暗，脉弦滑。平素常感腰膝酸软、怕冷、头晕乏力，偶有腹胀，食欲一般，大便干燥，2～3天一行，排便无力、量少。','曾自服止疼药、消炎药，但效果欠佳。','血清糖类抗原125（CA 125）水平升高（49 U/mL）；复诊查血人绒毛膜促性腺激素（HCG）5017.5 mIU/mL，孕酮 99.2 nmol/L。','2023年2月盆腔超声示：左侧卵巢内见一大小约4cm×3cm的囊性包块，边界清，内见密集光点，提示卵巢子宫内膜异位囊肿可能。9月13日复查示：宫内早孕，可见20mm×25mm×14mm孕囊，可见胚芽7mm，并见心管搏动。','二诊：月经干净，疼痛减轻，经量增加，色暗红，血块多。三诊：腰膝酸软、疲劳乏力改善，食欲增加，大便顺畅。四诊：头晕乏力等症已无，近期自觉略有烦躁，有乳胀感。五诊：月经第1天，无明显痛经，经量适中，血块较少。后继续采用序贯调经法治疗3个月。','原发性不孕；子宫内膜异位症。','不孕；辨属肾虚肝郁血瘀证。','温肾助阳，理气疏肝，活血止痛。','行经期用逐瘀通经汤化裁（当归、川芎、生地黄、赤芍、牡丹皮、泽兰、益母草、艾叶、炮姜、醋香附、川牛膝、生蒲黄、淡附片、肉苁蓉、锁阳、柴胡、刺蒺藜）；经后期用培元养阴汤化裁（熟地黄、当归、川芎、生白芍、砂仁、生白术、茯苓、党参、丹参、醋香附、泽兰、淫羊藿、锁阳、柏子仁、石菖蒲）；经前期用疏肝育阳汤化裁。',NULL,NULL,NULL,'顺利妊娠。2023年8月29日自测尿HCG弱阳性，后经医院检查确认早孕。2024年5月顺利诞下一子。',NULL,'采用“通、补、疏三期序贯调经法”。行经期重在“通”，以逐瘀通经汤促进内膜脱落与瘀血排出；经后期重在“补”，以培元养阴汤滋补精血、修复内膜；经前期重在“疏”，以疏肝育阳汤调理气机、促进月经来潮。全案体现了因势利导、序贯调理的辨证思路。'),('杜小利治疗卵巢储备功能下降致不孕症验案1则_王雪怡.pdf','32岁',NULL,'11岁月经初潮，周期30天，经期7天。末次月经日期2017年8月5日，系服中药后来潮，经前、经期全身疼痛、腰困，目前月经已推迟20天未行。闭经3年，需注射黄体酮或口服中药方可来潮。','不避孕2年未孕，继发性不孕，孕1产1。',NULL,'恶热，面部烘热，皮肤干燥，咽干苦，欲饮水，腰困，咽阻痰多，便秘，乏力，嗜睡，腹冷。舌尖红，脉弦细。','3年前因过度恼怒后出现突然闭经。','月经第2日（8月6日）测FSH：23.28 mIU/mL，LH：9.08 mIU/mL；甲状腺功能检测：T3、T4、TSH均未见异常；11月6日测尿HCG（+）。','10月23日（月经周期第13天）阴超测排卵：右侧卵泡17 mm×15 mm。','10月9日二诊：药后3日BBT上升，随后未用黄体酮月经来潮，量中，色黯红，伴少量血块及内膜样物，经期腰酸甚并腹痛，口苦、腹凉、咽部自觉痰阻。10月23日三诊：诸症已明显减轻，但仍感口干，皮肤干燥，乏力嗜睡，下肢肿胀。11月6日四诊：月经周期第33天，测BBT已上升17天，测尿HCG（+）。','卵巢储备功能下降，继发性不孕症','不孕（肝郁肾阴虚夹瘀证）','滋肾养阴，疏肝降火，化痰活血；后期补肝肾益冲任保胎。','初诊方：黄芪30 g，生地黄、熟地黄各18 g，柴胡、合欢皮、当归、白芍、莪术各15 g，石菖蒲、郁金、陈皮各12 g，知母、黄柏、龙胆草、甘草各10 g，肉桂3 g。二诊方：初诊方去当归、石菖蒲、合欢皮，加山萸肉10 g，浙贝母12 g，女贞子15 g，丹参18 g。三诊方：二诊方去浙贝母、肉桂、熟地黄，知母12 g，黄芪45 g，加牡丹皮10 g，茯苓皮18 g。四诊保胎方：黄芪30 g，太子参、川续断各18 g，菟丝子、白芍、陈皮各15 g，桑葚、枸杞子各12 g，山萸肉、当归、鹿角霜、甘草各10 g。',NULL,NULL,'氯米芬，月经周期第5天起服用，每次50 mg，每日1次，连服5日。','治疗后月经来潮，诸症减轻，最终获得妊娠。',NULL,'该患者原由情志因素引发，导致肝郁化火，灼伤肾阴，天癸枯竭，冲任亏损，从而形成肝郁肾阴虚之证。本虚标实，以肾阴虚为主，但郁火仍存，且兼夹痰瘀。治疗上采用滋肾养阴、疏肝泻火兼化痰活血之法。治疗中结合使用西药氯米芬共同促排卵。月经中后期结合阴超提示及BBT监测，调整方药加强补气养肾，最终成功受孕。'),('经方治验医案5则_代波.pdf','23岁',NULL,NULL,'诊前已有3次流产史，皆在孕3个月左右',NULL,'现妊娠2月余，呕吐不止，面黄肌瘦，伴头昏，心下冷痛，纳差，便溏，小便不利，苔白而润，津液满口欲滴，脉滑','已有3次流产史',NULL,NULL,'二诊：服药后小便利，呕吐减轻，饮食增加。三诊：服药后呕吐停止，饮食基本正常，头昏消失，大便成型，苔薄白，口内津液明显减少。','习惯性流产','中焦脾胃阳虚，膀胱气化不利','化气行水安胎，温中祛寒，补气健脾','五苓散加减（桂枝6g、砂仁6g、白术15g、茯苓15g、猪苓15g、泽泻10g、生姜10g）；二诊合用理中汤（党参20g、干姜10g、甘草5g）',NULL,NULL,NULL,'妊娠9月产一男婴，健康',NULL,'本案因中焦脾胃虚寒致升降失职，不能摄津，津上溢于口；水湿下犯膀胱，则气化失司，小便不利。当以温中祛寒，补气健脾，以五苓散治标，理中汤治本。'),('陈慧侬教授治疗薄型子宫内膜不孕症经验撷菁_秦琴琴.pdf','30岁',NULL,'月经量减少3年，色淡，质稀，有痛经，经期2~3 d，周期30~35 d，末次月经2022年11月6日','未避孕未孕1年',NULL,'腰膝酸软，乏力健忘，面色晦暗，纳可，寐差，大便正常，夜尿多。舌质紫暗，边有瘀点，苔白，脉沉涩','孕1产0；2022年3月行输卵管造影提示双侧输卵管通畅','性激素六项检查结果正常；男方精液检查正常；六诊实验室检查孕酮20.14 ng/ml，绒毛膜促性腺激素 547 mIU/ml','初诊：多次B超检查提示成熟卵泡排出后，子宫内膜厚度均<0.7 cm；二诊：卵泡 2.0 cm×1.8 cm，内膜厚度 0.8 cm；五诊：卵泡已排','二诊：乏力好转，腰膝酸软减轻，睡眠好转；三诊：腰膝酸软仍有，乏力缓解，睡眠好转；四诊：月经量恢复正常，色暗红，无血块，无痛经及腰酸；五诊：予上方加味；六诊：月经逾期未至，证实已怀孕','薄型子宫内膜不孕症','不孕症（肾精不足兼血瘀证）','补肾益精、养血化瘀','加味五子衍宗方（菟丝子、五味子、枸杞子、覆盆子、车前子、桑椹子、熟地黄、益母草、当归、白术、茯神、鹿角胶、紫河车）；随症加减使用蛤蚧、桃仁、红花、川芎、赤芍、茯苓、续断、桑寄生、阿胶',NULL,NULL,NULL,'治愈，成功受孕',NULL,'本案病机为肾精不足兼血瘀证，治疗以补肾益精、养血化瘀为法。陈教授主张根据月经周期阴阳气血变化调整用药：经后期大补精血、滋养冲任；经间期加入蛤蚧助肾阳促排卵；经前期加入桃红四物汤加减以活血通络、清理胞宫；黄体期加用寿胎丸增强肾气以改善内膜容受性。');
/*!40000 ALTER TABLE `all_papers_records` ENABLE KEYS */;

--
-- Table structure for table `edges`
--

DROP TABLE IF EXISTS `edges`;
/*!40101 SET @saved_cs_client     = @@character_set_client */;
/*!50503 SET character_set_client = utf8mb4 */;
CREATE TABLE `edges` (
  `id` char(40) COLLATE utf8mb4_unicode_ci NOT NULL,
  `source_id` varchar(128) COLLATE utf8mb4_unicode_ci NOT NULL,
  `target_id` varchar(128) COLLATE utf8mb4_unicode_ci NOT NULL,
  `edge_type` enum('paper-paper','paper-record','record-record') COLLATE utf8mb4_unicode_ci NOT NULL,
  `similarity_score` decimal(6,4) NOT NULL,
  `raw_score` decimal(12,8) DEFAULT NULL,
  `created_at` timestamp NOT NULL DEFAULT CURRENT_TIMESTAMP,
  `updated_at` timestamp NOT NULL DEFAULT CURRENT_TIMESTAMP ON UPDATE CURRENT_TIMESTAMP,
  PRIMARY KEY (`id`),
  UNIQUE KEY `uk_edges_type_pair` (`edge_type`,`source_id`,`target_id`),
  KEY `idx_edges_source_score` (`source_id`,`similarity_score`),
  KEY `idx_edges_target_score` (`target_id`,`similarity_score`),
  KEY `idx_edges_seed_expand` (`source_id`,`target_id`),
  CONSTRAINT `fk_edges_source` FOREIGN KEY (`source_id`) REFERENCES `nodes` (`id`) ON DELETE CASCADE ON UPDATE CASCADE,
  CONSTRAINT `fk_edges_target` FOREIGN KEY (`target_id`) REFERENCES `nodes` (`id`) ON DELETE CASCADE ON UPDATE CASCADE,
  CONSTRAINT `chk_edges_score_range` CHECK (((`similarity_score` >= 0.0000) and (`similarity_score` <= 1.0000)))
) ENGINE=InnoDB DEFAULT CHARSET=utf8mb4 COLLATE=utf8mb4_unicode_ci;
/*!40101 SET character_set_client = @saved_cs_client */;

--
-- Dumping data for table `edges`
--

/*!40000 ALTER TABLE `edges` DISABLE KEYS */;
INSERT INTO `edges` VALUES ('045f8c8b2b7f167e8db9eecc899c405e3bf8ad05','paper:820b660bc9a1c63e','paper:de39dbb36a3f1c7f','paper-paper',0.1523,0.15227273,'2026-04-23 12:03:33','2026-04-23 12:03:33'),('04bf62d53ae298b1a8a84d6037ca0b857d4fe8eb','paper:1ba3d00faade764e','paper:3c51786b6c3eda50','paper-paper',0.1519,0.15189873,'2026-04-23 12:03:33','2026-04-23 12:03:33'),('05ea352c4d30ea10ede25af318b360b069aaa035','paper:a266626c43e4c2b6','record:a3c0432175802532','paper-record',0.0201,0.02013423,'2026-04-23 12:03:33','2026-04-23 12:03:33'),('0b3921b31bb9d15ad51fafed29e44461d189d3da','paper:f2cb8393c41b965e','record:5564ff4909419c88','paper-record',0.0127,0.01265823,'2026-04-23 12:03:33','2026-04-23 12:03:33'),('0bbefe4d5fd5fa3a931d931ff26400ffc0279c86','paper:5d38ae3abf704993','paper:dcb20ea1a98ab427','paper-paper',0.1130,0.11298482,'2026-04-23 12:03:33','2026-04-23 12:03:33'),('0f094f7b88eaadb24789ecd17728f129d5a161b6','paper:157c057c97e7dbfa','record:e763cba76e2386bc','paper-record',0.0196,0.01960784,'2026-04-23 12:03:33','2026-04-23 12:03:33'),('13238763c587b7b282d851178b9fe8a2dfd0764e','record:5564ff4909419c88','record:a3c0432175802532','record-record',0.0495,0.04952830,'2026-04-23 12:03:33','2026-04-23 12:03:33'),('1842b65ead5c09a8f0a7132ae8633cd75ca8e587','paper:f2cb8393c41b965e','record:eaf1bee278fc62a1','paper-record',0.0181,0.01811594,'2026-04-23 12:03:33','2026-04-23 12:03:33'),('1a7c4431025cbe96db91fb37e8f3b9f252c09738','paper:157c057c97e7dbfa','paper:b06ee3ee15afb0e4','paper-paper',0.1768,0.17675545,'2026-04-23 12:03:33','2026-04-23 12:03:33'),('1b28c59d2798b4189092902b1f5466783b01edd3','paper:51eb1fcd78c8759b','record:9ea7b2add6d0a689','paper-record',0.0223,0.02227171,'2026-04-23 12:03:33','2026-04-23 12:03:33'),('1ea7bec645c4cfc3670dd429b2326123f917b0ba','paper:157c057c97e7dbfa','paper:28c90bae7d0c8840','paper-paper',0.2187,0.21866667,'2026-04-23 12:03:33','2026-04-23 12:03:33'),('1f60a489b9cd94244928721bf4a6ec2731b93f48','paper:a55d0b4ce9fbba1b','paper:de39dbb36a3f1c7f','paper-paper',0.1147,0.11466667,'2026-04-23 12:03:33','2026-04-23 12:03:33'),('20403932d7382ca6f2bcb81afb3a397931dd81d0','record:9ea7b2add6d0a689','record:e763cba76e2386bc','record-record',0.0741,0.07407407,'2026-04-23 12:03:33','2026-04-23 12:03:33'),('215b0da423bbbb525d5f3034d0cbabe72f5d7526','paper:157c057c97e7dbfa','paper:8d748f6b56d946cf','paper-paper',0.1060,0.10603589,'2026-04-23 12:03:33','2026-04-23 12:03:33'),('2339ddaacda48edaf94a0fe7e96e7bb772a549c4','paper:3c51786b6c3eda50','paper:ad0657f45ec73c8e','paper-paper',0.1597,0.15968992,'2026-04-23 12:03:33','2026-04-23 12:03:33'),('2bc7ebeff6e001e2892e31126708a38608d833de','paper:3c51786b6c3eda50','record:a3c0432175802532','paper-record',0.0294,0.02941176,'2026-04-23 12:03:33','2026-04-23 12:03:33'),('2c68773b10df24ef2db9936348077ffcb10ad628','paper:820b660bc9a1c63e','paper:dcb20ea1a98ab427','paper-paper',0.1473,0.14732143,'2026-04-23 12:03:33','2026-04-23 12:03:33'),('2cbd7901acc60e5ac01c8230ddd66d86b350464c','paper:28c90bae7d0c8840','paper:a266626c43e4c2b6','paper-paper',0.0855,0.08554572,'2026-04-23 12:03:33','2026-04-23 12:03:33'),('36d912ff211c0f07fa5d2cfebf62f17d77713778','paper:157c057c97e7dbfa','paper:3c51786b6c3eda50','paper-paper',0.1792,0.17921147,'2026-04-23 12:03:33','2026-04-23 12:03:33'),('395a74e67be0e2612781c0fedc5766d7d489a6e0','paper:de39dbb36a3f1c7f','record:9ea7b2add6d0a689','paper-record',0.0228,0.02277904,'2026-04-23 12:03:33','2026-04-23 12:03:33'),('3b7d7460f27e44ac3ef7f84c62a28054d7e0e6b6','paper:4de74f7fed88521b','paper:8d748f6b56d946cf','paper-paper',0.1176,0.11764706,'2026-04-23 12:03:33','2026-04-23 12:03:33'),('3b913c272084c49549c5e841dc7eb8751797b85a','paper:28c90bae7d0c8840','record:e763cba76e2386bc','paper-record',0.0211,0.02110818,'2026-04-23 12:03:33','2026-04-23 12:03:33'),('3e828ce90591a8a858ef58527cc6e81900d4903c','paper:37df53b1320d8231','record:a3c0432175802532','paper-record',0.0170,0.01698113,'2026-04-23 12:03:33','2026-04-23 12:03:33'),('45021735b32e0b5a12fbffbbefef72d7b3fe03a1','paper:a55d0b4ce9fbba1b','record:e763cba76e2386bc','paper-record',0.0190,0.01902174,'2026-04-23 12:03:33','2026-04-23 12:03:33'),('49185802e2b8dadf696b8c9c3f3b38fbc277550f','paper:a266626c43e4c2b6','record:c6aa9d99ef6202d4','paper-record',0.0216,0.02158273,'2026-04-23 12:03:33','2026-04-23 12:03:33'),('4ab945244387a46076a2e2e1ef0f313c49f4cbdd','paper:3c51786b6c3eda50','record:e763cba76e2386bc','paper-record',0.0208,0.02083333,'2026-04-23 12:03:33','2026-04-23 12:03:33'),('4d6b72c55f58b28ee7a4ed81747d0ec3b44496bb','paper:51eb1fcd78c8759b','paper:de39dbb36a3f1c7f','paper-paper',0.1356,0.13563218,'2026-04-23 12:03:33','2026-04-23 12:03:33'),('515483415d06a72d326233a4eae536d77b2bc8c6','paper:4de74f7fed88521b','paper:820b660bc9a1c63e','paper-paper',0.1344,0.13443831,'2026-04-23 12:03:33','2026-04-23 12:03:33'),('560dbefa08642fc0129d8682b7a48bb718d8d9eb','paper:820b660bc9a1c63e','record:9ea7b2add6d0a689','paper-record',0.0172,0.01724138,'2026-04-23 12:03:33','2026-04-23 12:03:33'),('5bac063fe5b553ac637f76437e0f90184da10313','paper:8d748f6b56d946cf','record:e763cba76e2386bc','paper-record',0.0253,0.02529511,'2026-04-23 12:03:33','2026-04-23 12:03:33'),('5e3d6071238788e397b21780b6ce5f8f43738b61','paper:1ba3d00faade764e','paper:a266626c43e4c2b6','paper-paper',0.1088,0.10880829,'2026-04-23 12:03:33','2026-04-23 12:03:33'),('623b483f6579180b5beec28d3921ef6c2446de4a','paper:de39dbb36a3f1c7f','record:e763cba76e2386bc','paper-record',0.0426,0.04255319,'2026-04-23 12:03:33','2026-04-23 12:03:33'),('68049df44346f04612c4aebf11cb66b18eee5790','paper:5d38ae3abf704993','paper:8d748f6b56d946cf','paper-paper',0.0919,0.09187750,'2026-04-23 12:03:33','2026-04-23 12:03:33'),('6ad51f190395cbece54222938bd8a61b1838854f','paper:dcb20ea1a98ab427','record:e763cba76e2386bc','paper-record',0.0182,0.01818182,'2026-04-23 12:03:33','2026-04-23 12:03:33'),('6b240c2c16638b3e1e86d01a9ad2f2e93498580c','paper:4de74f7fed88521b','record:e763cba76e2386bc','paper-record',0.0204,0.02040816,'2026-04-23 12:03:33','2026-04-23 12:03:33'),('712ae261f3e6126ef36aa05bab7d48a4826c8d94','paper:2b73a95d67028093','record:9ea7b2add6d0a689','paper-record',0.0262,0.02623907,'2026-04-23 12:03:33','2026-04-23 12:03:33'),('71591b5fb9eaf65024e8834a12909aa9b67ca3e5','paper:114edf0f6c396c85','paper:2b73a95d67028093','paper-paper',0.1306,0.13061224,'2026-04-23 12:03:33','2026-04-23 12:03:33'),('7169ff2d37959478d98299aea8364e11f126a8d6','paper:8d748f6b56d946cf','record:9ea7b2add6d0a689','paper-record',0.0199,0.01986755,'2026-04-23 12:03:33','2026-04-23 12:03:33'),('71c022e26188e32446dbaec8b2864e687bb48b49','record:5564ff4909419c88','record:e763cba76e2386bc','record-record',0.0729,0.07288630,'2026-04-23 12:03:33','2026-04-23 12:03:33'),('743e0d9847cd0b219f9687a315605e57c407989e','paper:a55d0b4ce9fbba1b','record:a3c0432175802532','paper-record',0.0203,0.02031603,'2026-04-23 12:03:33','2026-04-23 12:03:33'),('7797b03edc7e6d2be606ab394825cc9cb383d090','record:e763cba76e2386bc','record:eaf1bee278fc62a1','record-record',0.0511,0.05111821,'2026-04-23 12:03:33','2026-04-23 12:03:33'),('78db4f050b3deab0ae23598609bdd1a3ac2899d8','paper:820b660bc9a1c63e','record:e763cba76e2386bc','paper-record',0.0404,0.04035874,'2026-04-23 12:03:33','2026-04-23 12:03:33'),('7e99eb82434022fb9e370bf490b5cfbe3939a7ed','paper:2b73a95d67028093','paper:b2f90f25d7ba3ecf','paper-paper',0.0631,0.06312292,'2026-04-23 12:03:33','2026-04-23 12:03:33'),('8a6e2d33b65b0acb0924fba03cd34f0972195e3e','paper:5d38ae3abf704993','record:e763cba76e2386bc','paper-record',0.0167,0.01666667,'2026-04-23 12:03:33','2026-04-23 12:03:33'),('8c52cf74a76b17fd2338536db55f5ece53262069','paper:51eb1fcd78c8759b','record:e763cba76e2386bc','paper-record',0.0250,0.02500000,'2026-04-23 12:03:33','2026-04-23 12:03:33'),('8de40871e260c0827eceef1092f274dfed0f2269','record:a3c0432175802532','record:e763cba76e2386bc','record-record',0.0579,0.05790646,'2026-04-23 12:03:33','2026-04-23 12:03:33'),('8e52e4ac4c71a61616dd21c0796f7d7b1e90fa52','paper:1ba3d00faade764e','paper:28c90bae7d0c8840','paper-paper',0.1816,0.18157182,'2026-04-23 12:03:33','2026-04-23 12:03:33'),('952378e070883078b46d142d4a173d09dde8a24d','paper:b2f90f25d7ba3ecf','record:5564ff4909419c88','paper-record',0.0147,0.01474926,'2026-04-23 12:03:33','2026-04-23 12:03:33'),('9dc8529367b529865c3a729fb2312a5a64cf4d4c','paper:5d38ae3abf704993','record:a3c0432175802532','paper-record',0.0193,0.01928783,'2026-04-23 12:03:33','2026-04-23 12:03:33'),('9dec57546cf1aba62a4f56bc0fd168d1aca3cdeb','paper:1ba3d00faade764e','record:e763cba76e2386bc','paper-record',0.0182,0.01822323,'2026-04-23 12:03:33','2026-04-23 12:03:33'),('9e011cbb4a12d5568661686e370333eb43c8d62d','paper:157c057c97e7dbfa','paper:1ba3d00faade764e','paper-paper',0.1804,0.18036530,'2026-04-23 12:03:33','2026-04-23 12:03:33'),('a18de33a163eb89a77e55b0448bddf49ebe72b26','paper:37df53b1320d8231','paper:f2cb8393c41b965e','paper-paper',0.0588,0.05882353,'2026-04-23 12:03:33','2026-04-23 12:03:33'),('a3e3e3c005c3d41e906043b67ba419cba996770c','paper:114edf0f6c396c85','record:a3c0432175802532','paper-record',0.0226,0.02255639,'2026-04-23 12:03:33','2026-04-23 12:03:33'),('a503c87065fc3a86a00cecf56d38f506e7d0b242','paper:b06ee3ee15afb0e4','record:a3c0432175802532','paper-record',0.0207,0.02070393,'2026-04-23 12:03:33','2026-04-23 12:03:33'),('a698c4f6a9ed95b4f0b20091f07b43af590e0b62','paper:ad0657f45ec73c8e','record:a3c0432175802532','paper-record',0.0176,0.01762821,'2026-04-23 12:03:33','2026-04-23 12:03:33'),('a7bd6e2b7a0e62f69c38764e30b05a1e34badfac','paper:51eb1fcd78c8759b','paper:a55d0b4ce9fbba1b','paper-paper',0.0835,0.08354430,'2026-04-23 12:03:33','2026-04-23 12:03:33'),('a88176d5ad1af7040136fa9e6515574448f9f512','paper:dcb20ea1a98ab427','record:c6aa9d99ef6202d4','paper-record',0.0202,0.02023121,'2026-04-23 12:03:33','2026-04-23 12:03:33'),('a90f8a7cdcfc837a561df857b5547ef15804700b','record:c6aa9d99ef6202d4','record:eaf1bee278fc62a1','record-record',0.0354,0.03539823,'2026-04-23 12:03:33','2026-04-23 12:03:33'),('a94beabbb09ef4d3d6574b4bdcc4b3930a9baf10','paper:37df53b1320d8231','record:eaf1bee278fc62a1','paper-record',0.0261,0.02610966,'2026-04-23 12:03:33','2026-04-23 12:03:33'),('b20dff70efea42c4e5fac3b65beb991dd06b19f8','paper:51eb1fcd78c8759b','paper:820b660bc9a1c63e','paper-paper',0.1288,0.12882096,'2026-04-23 12:03:33','2026-04-23 12:03:33'),('b348957c00fd536ef4db3e7554874aa317d1477f','paper:4de74f7fed88521b','record:9ea7b2add6d0a689','paper-record',0.0257,0.02573529,'2026-04-23 12:03:33','2026-04-23 12:03:33'),('b852ba0e46dbe2c507c2d8e4ef7615000b056ea2','paper:ad0657f45ec73c8e','record:9ea7b2add6d0a689','paper-record',0.0125,0.01252236,'2026-04-23 12:03:33','2026-04-23 12:03:33'),('b94f241140981f3494808e2e306ac9723666374f','paper:8d748f6b56d946cf','paper:de39dbb36a3f1c7f','paper-paper',0.0960,0.09595960,'2026-04-23 12:03:33','2026-04-23 12:03:33'),('bc476eeeeea1a241767df20c83b8138a762d99ff','record:5564ff4909419c88','record:9c8415348e10779d','record-record',0.0249,0.02491103,'2026-04-23 12:03:33','2026-04-23 12:03:33'),('c351360b75221f58c565650338c3f9587e60cb43','paper:37df53b1320d8231','paper:b2f90f25d7ba3ecf','paper-paper',0.0529,0.05288462,'2026-04-23 12:03:33','2026-04-23 12:03:33'),('c398877ebcd14e91ebd24c7763b8c6d9879f1fda','paper:5d38ae3abf704993','paper:820b660bc9a1c63e','paper-paper',0.0833,0.08333333,'2026-04-23 12:03:33','2026-04-23 12:03:33'),('cac46b5bcef4f6f2d00163f89b535f7b65acd095','record:a3c0432175802532','record:c6aa9d99ef6202d4','record-record',0.0411,0.04109589,'2026-04-23 12:03:33','2026-04-23 12:03:33'),('cb0a1a9331453fc7a1b1dcd10833c53dc529a1b9','paper:b2f90f25d7ba3ecf','record:a3c0432175802532','paper-record',0.0204,0.02036199,'2026-04-23 12:03:33','2026-04-23 12:03:33'),('cccef5cebcb6438c5b13de49877263e59cf066e4','record:c6aa9d99ef6202d4','record:e763cba76e2386bc','record-record',0.0557,0.05574913,'2026-04-23 12:03:33','2026-04-23 12:03:33'),('cf7fd7f4888e594a90116dbb45e592fbb9ac4fe8','paper:157c057c97e7dbfa','record:a3c0432175802532','paper-record',0.0187,0.01869159,'2026-04-23 12:03:33','2026-04-23 12:03:33'),('d46f5867e78c732986a5872aa3eff061896f3d8a','paper:4de74f7fed88521b','paper:de39dbb36a3f1c7f','paper-paper',0.1470,0.14700193,'2026-04-23 12:03:33','2026-04-23 12:03:33'),('d99f1721edb1466e791f086af8225c4c7ed453ac','paper:2b73a95d67028093','paper:f2cb8393c41b965e','paper-paper',0.0764,0.07636364,'2026-04-23 12:03:33','2026-04-23 12:03:33'),('da9370eaa8df7e15bd429e49694cf0318d784f14','paper:b2f90f25d7ba3ecf','paper:f2cb8393c41b965e','paper-paper',0.0482,0.04823151,'2026-04-23 12:03:33','2026-04-23 12:03:33'),('dc3dc55727f62994021a648d1f07dbc5110b0819','paper:8d748f6b56d946cf','paper:a55d0b4ce9fbba1b','paper-paper',0.0833,0.08333333,'2026-04-23 12:03:33','2026-04-23 12:03:33'),('df00297307fe817f4917bc54e32eaea2901df042','paper:28c90bae7d0c8840','paper:ad0657f45ec73c8e','paper-paper',0.1589,0.15889831,'2026-04-23 12:03:33','2026-04-23 12:03:33'),('df7415f7303a3b54e3c6b7fdd3c9319ed718c8fa','paper:157c057c97e7dbfa','paper:ad0657f45ec73c8e','paper-paper',0.1805,0.18045113,'2026-04-23 12:03:33','2026-04-23 12:03:33'),('e02f67d0b989472bfa27d6e6f404559a246a0d29','record:9ea7b2add6d0a689','record:a3c0432175802532','record-record',0.0662,0.06622517,'2026-04-23 12:03:33','2026-04-23 12:03:33'),('e03fc7a4ff41ad18f7f176b28f8abc1a072efb52','paper:114edf0f6c396c85','record:eaf1bee278fc62a1','paper-record',0.0195,0.01945525,'2026-04-23 12:03:33','2026-04-23 12:03:33'),('e04babbc1e24395a332d57a3a71de2509d9eeddc','paper:28c90bae7d0c8840','paper:b06ee3ee15afb0e4','paper-paper',0.1506,0.15056818,'2026-04-23 12:03:33','2026-04-23 12:03:33'),('e3c33b7142bcc0dde89dbafb552f1f197ac96b0f','paper:1ba3d00faade764e','paper:b06ee3ee15afb0e4','paper-paper',0.1832,0.18320611,'2026-04-23 12:03:33','2026-04-23 12:03:33'),('e3d6c4e00d70b0264e2dfb0cd119482a1fe65125','paper:1ba3d00faade764e','record:a3c0432175802532','paper-record',0.0195,0.01945525,'2026-04-23 12:03:33','2026-04-23 12:03:33'),('e6f1f1352696120e1c7593393448ee1e02e3160f','paper:b06ee3ee15afb0e4','record:e763cba76e2386bc','paper-record',0.0221,0.02211302,'2026-04-23 12:03:33','2026-04-23 12:03:33'),('e782fbe4df6f30a0c04febc4b49ed6e412a092b6','paper:4de74f7fed88521b','paper:51eb1fcd78c8759b','paper-paper',0.1250,0.12500000,'2026-04-23 12:03:33','2026-04-23 12:03:33'),('e9b4f5304c911350730e1ba083c060952f829b76','paper:157c057c97e7dbfa','paper:a266626c43e4c2b6','paper-paper',0.0819,0.08192771,'2026-04-23 12:03:33','2026-04-23 12:03:33'),('eaca869299e6beea5f7ac7d31b1d1f744871371a','paper:28c90bae7d0c8840','record:9ea7b2add6d0a689','paper-record',0.0180,0.01804124,'2026-04-23 12:03:33','2026-04-23 12:03:33'),('f06195ea328b257bafa910b69e6504f924c35557','paper:dcb20ea1a98ab427','paper:de39dbb36a3f1c7f','paper-paper',0.1210,0.12100457,'2026-04-23 12:03:33','2026-04-23 12:03:33'),('f5198ae0b46f3af866eaf2bbc2f48bd0a623d957','paper:2b73a95d67028093','paper:37df53b1320d8231','paper-paper',0.0543,0.05426357,'2026-04-23 12:03:33','2026-04-23 12:03:33'),('fe0a0fff6a05463aa4264b7b204a22374965d4ab','paper:2b73a95d67028093','record:5564ff4909419c88','paper-record',0.0195,0.01948052,'2026-04-23 12:03:33','2026-04-23 12:03:33'),('fe9c9a679b443aa134d1af49e28899f0be1a4e68','paper:114edf0f6c396c85','paper:f2cb8393c41b965e','paper-paper',0.0599,0.05992509,'2026-04-23 12:03:33','2026-04-23 12:03:33'),('ff1a26be3e580d009110bf5655f8933beb06f6c2','paper:114edf0f6c396c85','paper:5d38ae3abf704993','paper-paper',0.0544,0.05436893,'2026-04-23 12:03:33','2026-04-23 12:03:33');
/*!40000 ALTER TABLE `edges` ENABLE KEYS */;

--
-- Table structure for table `nodes`
--

DROP TABLE IF EXISTS `nodes`;
/*!40101 SET @saved_cs_client     = @@character_set_client */;
/*!50503 SET character_set_client = utf8mb4 */;
CREATE TABLE `nodes` (
  `id` varchar(128) COLLATE utf8mb4_unicode_ci NOT NULL,
  `node_type` enum('paper','record') COLLATE utf8mb4_unicode_ci NOT NULL,
  `title` varchar(512) COLLATE utf8mb4_unicode_ci NOT NULL,
  `metric_value` int DEFAULT NULL,
  `top_k_value` decimal(10,4) NOT NULL DEFAULT '1.0000',
  `created_at` timestamp NOT NULL DEFAULT CURRENT_TIMESTAMP,
  `updated_at` timestamp NOT NULL DEFAULT CURRENT_TIMESTAMP ON UPDATE CURRENT_TIMESTAMP,
  PRIMARY KEY (`id`),
  KEY `idx_nodes_type` (`node_type`),
  KEY `idx_nodes_metric` (`metric_value`)
) ENGINE=InnoDB DEFAULT CHARSET=utf8mb4 COLLATE=utf8mb4_unicode_ci;
/*!40101 SET character_set_client = @saved_cs_client */;

--
-- Dumping data for table `nodes`
--

/*!40000 ALTER TABLE `nodes` DISABLE KEYS */;
INSERT INTO `nodes` VALUES ('paper:114edf0f6c396c85','paper','输卵管积水相关不孕症诊治中国专家共识（2023年版）',2023,1.2523,'2026-04-23 12:03:33','2026-04-23 12:03:33'),('paper:157c057c97e7dbfa','paper','中药治疗痰湿型多囊卵巢综合征不孕疗效的Meta分析',2025,1.7709,'2026-04-23 12:03:33','2026-04-23 12:03:33'),('paper:1ba3d00faade764e','paper','中药联合克罗米芬治疗排卵障碍性不孕疗效及安全性的Meta分析',2019,1.6117,'2026-04-23 12:03:33','2026-04-23 12:03:33'),('paper:28c90bae7d0c8840','paper','右归丸联合西药治疗女性不孕的Meta分析',2023,1.6067,'2026-04-23 12:03:33','2026-04-23 12:03:33'),('paper:2b73a95d67028093','paper','输卵管性不孕全流程管理中国专家共识（2023年版）',2023,1.3149,'2026-04-23 12:03:33','2026-04-23 12:03:33'),('paper:37df53b1320d8231','paper','云南省不孕症宫腹腔镜诊治专家共识',2018,1.1899,'2026-04-23 12:03:33','2026-04-23 12:03:33'),('paper:3c51786b6c3eda50','paper','中西医结合治疗多囊卵巢综合征性不孕症Meta分析',2022,1.4324,'2026-04-23 12:03:33','2026-04-23 12:03:33'),('paper:4de74f7fed88521b','paper','中药二联法联合GnRH-a对Ⅲ、Ⅳ期内异症性不孕术后肾虚血瘀型的临床观察',2024,1.4511,'2026-04-23 12:03:33','2026-04-23 12:03:33'),('paper:51eb1fcd78c8759b','paper','温肾活血汤改善PCOS合并不孕患者子宫内膜容受性的临床观察',2023,1.4188,'2026-04-23 12:03:33','2026-04-23 12:03:33'),('paper:5d38ae3abf704993','paper','清心滋肾汤对PCOS不孕症患者情绪调节及辅助生殖助孕结局的临床观察',2024,1.3211,'2026-04-23 12:03:33','2026-04-23 12:03:33'),('paper:820b660bc9a1c63e','paper','补肾调冲方治疗薄型子宫内膜不孕症患者的临床观察',2023,1.5328,'2026-04-23 12:03:33','2026-04-23 12:03:33'),('paper:8d748f6b56d946cf','paper','不同扳机方案联合中药周期疗法治疗脾虚痰湿型PCOS不孕的临床观察',2023,1.4318,'2026-04-23 12:03:33','2026-04-23 12:03:33'),('paper:a266626c43e4c2b6','paper','针灸治疗排卵障碍性不孕症临床疗效的Meta分析',2012,1.2760,'2026-04-23 12:03:33','2026-04-23 12:03:33'),('paper:a55d0b4ce9fbba1b','paper','济生肾气丸治疗多囊卵巢综合征胰岛素抵抗不孕症临床观察',2025,1.2782,'2026-04-23 12:03:33','2026-04-23 12:03:33'),('paper:ad0657f45ec73c8e','paper','中西医结合治疗输卵管功能障碍性不孕的Meta分析',2025,1.4247,'2026-04-23 12:03:33','2026-04-23 12:03:33'),('paper:b06ee3ee15afb0e4','paper','中成药联合枸橼酸氯米芬治疗排卵障碍性不孕症的网状Meta分析',2024,1.4404,'2026-04-23 12:03:33','2026-04-23 12:03:33'),('paper:b2f90f25d7ba3ecf','paper','卵巢储备功能减退不孕中医药联合辅助生殖临床诊疗专家共识',2024,1.1817,'2026-04-23 12:03:33','2026-04-23 12:03:33'),('paper:dcb20ea1a98ab427','paper','耳穴贴压治疗行宫腔内人工授精术不孕症临床观察',2025,1.3504,'2026-04-23 12:03:33','2026-04-23 12:03:33'),('paper:de39dbb36a3f1c7f','paper','养膜方联合补佳乐治疗薄型子宫内膜不孕症肾虚证的临床观察',2024,1.6054,'2026-04-23 12:03:33','2026-04-23 12:03:33'),('paper:f2cb8393c41b965e','paper','不明原因不孕症诊断与治疗中国专家共识',2019,1.2422,'2026-04-23 12:03:33','2026-04-23 12:03:33'),('record:5564ff4909419c88','record','补肾健脾调冲法辨治女性不孕症验案1例_牛阿娜.pdf',33,1.1775,'2026-04-23 12:03:33','2026-04-23 12:03:33'),('record:9c8415348e10779d','record','经方治验医案5则_代波.pdf',23,1.0246,'2026-04-23 12:03:33','2026-04-23 12:03:33'),('record:9ea7b2add6d0a689','record','通、补、疏三期序贯调经法治疗不孕症验案二则_陈杨.pdf',26,1.2661,'2026-04-23 12:03:33','2026-04-23 12:03:33'),('record:a3c0432175802532','record','杜小利治疗卵巢储备功能下降致不孕症验案1则_王雪怡.pdf',32,1.3649,'2026-04-23 12:03:33','2026-04-23 12:03:33'),('record:c6aa9d99ef6202d4','record','传统杵针合麦粒灸治疗卵泡发育不良验案1则_张雪梅.pdf',36,1.1604,'2026-04-23 12:03:33','2026-04-23 12:03:33'),('record:e763cba76e2386bc','record','陈慧侬教授治疗薄型子宫内膜不孕症经验撷菁_秦琴琴.pdf',30,1.4831,'2026-04-23 12:03:33','2026-04-23 12:03:33'),('record:eaf1bee278fc62a1','record','王秀宝教授诊疗不孕症经验_陈月玲.pdf',30,1.1399,'2026-04-23 12:03:33','2026-04-23 12:03:33');
/*!40000 ALTER TABLE `nodes` ENABLE KEYS */;

--
-- Table structure for table `paper`
--

DROP TABLE IF EXISTS `paper`;
/*!40101 SET @saved_cs_client     = @@character_set_client */;
/*!50503 SET character_set_client = utf8mb4 */;
CREATE TABLE `paper` (
  `file_name` longtext COLLATE utf8mb4_unicode_ci,
  `title` longtext COLLATE utf8mb4_unicode_ci,
  `authors` longtext COLLATE utf8mb4_unicode_ci,
  `abstract` longtext COLLATE utf8mb4_unicode_ci,
  `keywords` longtext COLLATE utf8mb4_unicode_ci,
  `journal` longtext COLLATE utf8mb4_unicode_ci,
  `pub_year` longtext COLLATE utf8mb4_unicode_ci,
  `paper_type` longtext COLLATE utf8mb4_unicode_ci,
  `created_at` longtext COLLATE utf8mb4_unicode_ci,
  `updated_at` longtext COLLATE utf8mb4_unicode_ci
) ENGINE=InnoDB DEFAULT CHARSET=utf8mb4 COLLATE=utf8mb4_unicode_ci;
/*!40101 SET character_set_client = @saved_cs_client */;

--
-- Dumping data for table `paper`
--

/*!40000 ALTER TABLE `paper` DISABLE KEYS */;
INSERT INTO `paper` VALUES ('中成药联合枸橼酸氯米芬治疗排卵障碍性不孕症的网状Meta分析','中成药联合枸橼酸氯米芬治疗排卵障碍性不孕症的网状Meta分析','任梦雪; 隋娟; 秦瑜玲; 毕红; 陈紫薇; 周琳; 陈瑞雪','目的：运用网状Meta分析评价不同中成药联合枸橼酸氯米芬（CC）治疗排卵障碍性不孕症的疗效。方法：计算机检索PubMed、荷兰医学文献数据库（EMbase）、Cochrane图书馆（Cochrane Library）、中国生物医学文献数据库（CBM）、中国期刊全文数据库（CNKI）、万方（Wanfang）数据库及维普（VIP）数据库，搜集不同中成药联合CC治疗排卵障碍性不孕症的随机对照试验文献，检索时限均为从建库至2023年2月，运用Stata 16.0进行网状Meta分析。结果：共纳入30篇文献，共2 647例病例，涉及12种中成药。Meta分析结果显示：在改善子宫内膜厚度、提高排卵率、提高妊娠率方面，分别是定坤丹、归脾丸、调经促孕丸联合CC的效果最优。结论：纳入的中成药联合CC治疗排卵障碍性不孕症的疗效均优于单纯使用CC的疗效。由于本研究具有一定局限性，尚需高质量、大样本的随机对照研究加以验证。','排卵障碍; 不孕症; 中成药; 枸橼酸氯米芬; 网状Meta分析','海南医学院学报','2024','journal','2026-04-21 09:32:47','2026-04-21 09:32:47'),('右归丸联合西药治疗女性不孕的Meta分析','右归丸联合西药治疗女性不孕的Meta分析','迪丽娜热·阿不都热西提; 刘映雪; 韩璐','目的：系统评价右归丸联合西药治疗女性不孕的疗效及安全性。方法：检索中国知网、万方、中国生物医学文献数据库等数据库，运用RevMan 5.4软件对指标进行Meta分析。结果：共检索出文献170篇，最终纳入随机对照试验11个，包含受试者962例。Meta分析结果显示：与常规西药组对比，右归丸联合西药治疗女性不孕总有效率、妊娠率、排卵率、子宫内膜改善情况均优于常规西药组[有效率OR=6.04,95%CI(3.61,10.09)；妊娠率OR=1.46,95%CI(1.24,1.72)；排卵率OR=2.36,95%CI(1.39,4.01)；周期排卵率OR=0.26,95%CI(0.15,0.37)；子宫内膜厚度MD=0.21,95%CI(0.20,0.22)]。右归丸治疗组与联合治疗组不良反应无差异[OR=1.26,95%CI(0.64,2.47),P=0.50]。结论：右归丸联合西药治疗不孕的总体疗效优于单纯西药治疗，值得临床推广应用。','右归丸; 不孕; 系统评价; Meta分析; 随机对照试验','中医临床研究','2023','journal','2026-04-21 09:32:48','2026-04-21 09:32:48'),('针灸治疗排卵障碍性不孕症临床疗效的Meta分析','针灸治疗排卵障碍性不孕症临床疗效的Meta分析','杜敏珍; 曹巧珍','目的用Meta分析的方法探讨针灸对排卵障碍性不孕的治疗作用。方法双人独立全面检索1983～2011年间公开发表在国内外杂志的有关针灸治疗排卵障碍性不孕症的相关文献,以RR值作为效应指标计算针灸相对于克罗米芬对排卵障碍性不孕症的治疗优势。Stata11.0软件进行异质性检验,并根据异质性检验结果采用固定或随机效应模型合并RR值,P值及95%CI。结果与单纯服用格罗米芬组相比针灸组的受孕成功率是其1.47倍[95%CI(1.27～1.71)],中药配合针灸治疗组其受孕成功率是其2.02倍[95%CI(1.42～2.87)]。结论针灸是治疗排卵障碍性不孕症的有效方法,针灸配合中药治疗排卵障碍性不孕的效果明显,值得推广。','针灸; 克罗米芬; 排卵障碍性不孕','当代医学','2012','journal','2026-04-21 09:32:49','2026-04-21 09:32:49'),('中药联合克罗米芬治疗排卵障碍性不孕疗效及安全性的Meta分析','中药联合克罗米芬治疗排卵障碍性不孕疗效及安全性的Meta分析','范美玲; 崔晓萍; 王海静; 杨攀; 刘露; 吴小燕','目的探讨中药联合克罗米芬治疗排卵障碍性不孕症的疗效及安全性,为临床应用提供依据。方法计算机检索中国知网(CNKI)、万方数据库(WanFang Datebase)、维普数据库(VIP Datebase)及PubMed等中英文数据库,语种为中文或英文,检索时间为建库至2019年5月17日,按照主题词结合自由词的方法进行检索。按照纳入标准及排除标准对检索文献进行检索,提取结局指标,应用Review Manager 5.3软件进行统计分析。结果共检索1 043篇文献,纳入Meta分析文献23篇,2 010例患者,其中治疗组1 054例,对照组956例。Meta分析结果显示,中药联合克罗米芬在治疗排卵障碍性不孕患者子宫内膜厚度[OR=1.77,95%CI(1.34,2.21)]、妊娠率[OR=1.82,95%CI(1.64,2.02)]、流产率[OR=0.19,95%CI(0.09,0.41)]方面,较单纯应用克罗米芬效果好;在提高排卵率[OR=0.04,95%CI(-0.09,0.17)]方面,与克罗米芬疗效相当;敏感性分析提示结果稳健。结论中药联合克罗米芬疗效明显优于单纯西药,且用药安全,值得推广应用。','排卵障碍性不孕; 中医药; 克罗米芬; Meta分析','云南中医学院学报','2019','journal','2026-04-21 09:32:50','2026-04-21 09:32:50'),('不明原因不孕症诊断与治疗中国专家共识','不明原因不孕症诊断与治疗中国专家共识','杨一华; 黄国宁; 孙海翔; 范立青; 冯云; 沈浣; 刘平; 卢文红; 张云山; 王秀霞; 张松英; 黄学锋; 伍琼芳; 全松; 周从容; 师娟子; 孙莹璞; 覃爱平','有规律、未避孕的性生活1年以上,通过不孕症常规诊断评估仍未能发现明显不孕原因可诊断为不明原因不孕症(UI)。UI是一种生育能力低下的状态,属于排除性诊断。目前我国生殖医学界对UI的诊断标准与治疗策略仍存在争议,国内尚无关于UI诊断与治疗的专家共识和临床指南。亟需应用循证医学的方法制定关于UI诊断与治疗的共识用于指导临床实践,帮助医师充分了解UI的临床特点、诊断标准,做出全面合理的诊疗策略。','不明原因不孕症; 诊断; 治疗; 专家共识','生殖医学杂志','2019','journal','2026-04-21 09:32:50','2026-04-21 09:32:50'),('中西医结合治疗多囊卵巢综合征不孕症的Meta分析','中西医结合治疗多囊卵巢综合征性不孕症Meta分析','杨婷','目的将系统性荟萃分析统计学作为理论基础,收集近10年关于中西医结合疗法治疗多囊卵巢综合征性不孕症的文献,对文献相关结局指标进行meta分析,系统性评价多囊卵巢综合征性不孕症的中西医结合疗法的有效性及亮点,以此来为该病的临床治疗提供依据。方法运用计算机检索相关中文数据库和英文数据库等。检索词采用主题词及相关自由词结合的方式,将检索语种人为限定为中文与英文,检索时间均限定为2016年1月1日至2021年12月1日。纳入文献质量由Cochrane手册中的风险偏倚评估工具进行评价。使用软件Revman5.4对提取数据进行处理分析。结果本研究共纳入33项随机对照研究,共纳入病例2886例,其中对照组1431例,实验组1455例。Meta分析结果提示:中西医结合治疗多囊卵巢综合征不孕症的综合疗效优于单纯西医治疗,具体表现在以下几个方面:改善激素水平,降低炎症因子水平,提高排卵率,增厚子宫内膜,改善子宫内膜血供,从而提高妊娠率,并且降低不良反应发生率,且两者数据分析结果差异具有统计学意义,结果如下:1、临床综合疗效分析示:OR=3.18,95%CI=[2.37,4.27],Z=7.67,P<0.000提示中西医结合治疗可提高临床综合疗效,即月经周期、排卵情况、性激素水平等有明显改善,且疗效优于单纯使用西药治疗。2、妊娠率分析示:OR=3.10,95%CI=[2.65,3.63],Z=14.03,P<0.00001,提示中西医结合治疗可提高妊娠率,且疗效优于单纯使用西药治疗。3、排卵率分析:OR=2.42,95%CI=[1.89,3.11],Z=6.91,P<0.00001,提示中西医结合治疗可提高排卵率,且疗效优于单纯使用西药治疗。4、LH水平分析示:MD=-2.10,95%CI=[-2.32,-1.88],Z=18.59,P<0.00001,提示两组均可降低血清LH水平,且中西医结合治疗组疗效更优。5、LH/FSH水平分析:MD=-0.70,95%CI=[-0.77,-0.62],Z=18.36,P<0.00001,提示两组均可降低血清LH/FSH水平,且中西医结合治疗组疗效更佳。6、血清T水平分析MD=-0.45,95%CI=[-0.53,-0.38],Z=11.93,P<0.00001,提示两组均可降低血清睾酮水平,且中西医结合治疗组疗效更佳。7、子宫内膜厚度分析:MD=1.81,95%CI=[1.52,2.10],Z=...','多囊卵巢综合征; 不孕症; 中西医结合; Meta分析','湖北中医药大学','2022','master','2026-04-21 09:32:51','2026-04-21 09:32:51'),('云南省不孕症宫腹腔镜诊治专家共识','云南省不孕症宫腹腔镜诊治专家共识','Expert group on hysteroscopy and laparoscopy diagnosis and treatment of infertility in Yunnan province','不孕症是一种由多种病因导致的生育功能障碍,常会对育龄妇女、患者家庭乃至整个社会造成不良影响。现今,随着生活节奏加快、环境污染、饮食结构改变、人流率的增加以及性传播疾病在世界范围内的蔓延,不孕症已成为全世界极为关注的医学和社会学问题。因此,如何治疗不孕症显得尤为重要。如今,使用宫腹腔镜联合手术对不孕症患者进行诊断和治疗已经在临床中广泛开展起来,本文根据云南省不孕症治疗成功案例及相关指南的经验,通过妇产科、生殖医学科等专家的充分讨论,制定关于云南省不孕症宫腹腔镜诊治专家共识。本共识内容包括宫腹腔镜手术的适应证与禁忌证、宫腹腔镜围手术期处理、宫腹腔镜手术基本要求、基本操作、术中监测、常见手术技能与技巧及宫腹腔镜术后并发症的防治,具有科学性、实用性和可行性。','不孕症; 宫腹腔镜手术; 专家共识','云南医药','2018','journal','2026-04-21 09:32:51','2026-04-21 09:32:51'),('中药治疗痰湿型多囊卵巢综合征不孕疗效的Meta分析','中药治疗痰湿型多囊卵巢综合征不孕疗效的Meta分析','高润丽; 李燕','目的：基于Meta分析方法对中药治疗多囊卵巢综合征(PCOS)不孕进行系统评价，为临床治疗PCOS提供参考。方法：检索中国知网(CNKI)、万方数据(WANFANG DATA)、维普中文科技期刊数据库(VIP)、中国生物医学文献服务系统(SinoMed)、PubMed、Cochrane Library从建库至2024年2月10日有关中药治疗痰湿型PCOS不孕的随机对照试验研究。使用Cochrane偏倚风险评估工具进行质量评价，并通过RevMan 5.4软件进行分析。结果：最终纳入21篇文献，总共涉及1 518例，治疗组760例，对照组758例，Meta分析结果显示：治疗组在提高总有效率[RR=1.31,95%CI(1.22,1.40),P<0.000 01]、妊娠率[RR=3.09,95%CI(2.46,3.87),P<0.000 01]、排卵率[RR=1.77,95%CI(1.39,2.26),P<0.000 01]及改善促黄体生成素(LH)[MD=-1.32,95%CI(-1.66,-0.99),P<0.000 01]、睾酮(T)[MD=-0.53,95%CI(-0.72,-0.35),P<0.000 01]、子宫内膜厚度[MD=1.14,95%CI(0.64,1.64),P<0.000 01]等方面的治疗效果明显优于对照组，差异均具有统计学意义，但在改善促卵泡激素(FSH)[MD=0.15,95%CI(-1.56,1.85),P=0.87>0.05]方面，差异无统计学意义。结论：中药及中西医结合治疗痰湿型PCOS不孕的效果明显优于西药疗法。','多囊卵巢综合征; 不孕; 痰湿型; 中医疗法; 中西医结合疗法; Meta分析','湖南中医杂志','2025','journal','2026-04-21 09:32:51','2026-04-21 09:32:51'),('输卵管性不孕诊治的中国专家共识','输卵管性不孕全流程管理中国专家共识（2023年版）','李亚; 白文佩; 陈俊雅; 关菁; 张师前; 苗杰; 鹿群; 陈亚琼; 赵率红; 杨敏','<正>不孕症（fertility）是由多种原因导致的生育障碍状态。性生活正常、同一性伴侣未避孕超过12个月未孕者，诊断为不孕症。我国不孕症发生率为5%～15%，其中输卵管因素占25%～35%，是女性不孕的主要原因之一。沙眼衣原体感染、淋病、生殖器结核等生殖器感染性疾病及子宫内膜异位症、宫内节育器放置史、盆腹腔手术史均有可能导致输卵管粘连或阻塞，进而导致输卵管性不孕[1]。','输卵管性不孕; 全流程管理; 专家共识','中国实用妇科与产科杂志','2023','journal','2026-04-21 09:32:51','2026-04-21 09:32:51'),('中西医结合治疗输卵管功能障碍性不孕的Meta分析','中西医结合治疗输卵管功能障碍性不孕的Meta分析','黄金华','目的:利用Meta分析统计学方法,对纳入相关文献进行整理,系统评价中西医结合治疗输卵管功能障碍性不孕（Tubal Dysfunction Infertility,TDI）的有效性及安全性,以期为中西医结合治疗输卵管功能障碍性不孕的临床决策提供循证医学证据。方法:通过计算机与人工两种方式进行文献检索。检索数据库为中国知网（CNKI）、万方数据库（Wan Fang）、维普中文科技期刊数据库（VIP）、中国生物医学文献数据库（CBM）、Pubmed、Cochrane library及Embase。检索时间范围2003年12月至2023年12月,收集中西医结合治疗输卵管功能障碍性不孕的临床随机实验。参照定制的纳入标准与排除标准进行文献筛选,对最终纳入的文献进行质量评估及数据提取。运用改良Jadad量表和Revman5.4软件对纳入的文献进行文献质量评价,同时对临床总有效率、宫内妊娠率、输卵管再通率、异位妊娠率及不良反应等指标进行Meta分析。结果:本次研究共纳入临床随机观察40篇文献,研究共为7060人次,对照组为3482人次,研究组为3578人次。研究结果提示中西医结合治疗对输卵管功能障碍性不孕的疗效优于单纯西医治疗,体现在临床总有效率、宫内妊娠率（包含随访不同时间段的情况）及不良反应;输卵管再通率及异位妊娠率两组统计无显著差异,利用revmen5.4进行数据整合。研究表明:（1）临床总有效率:OR=0.23,95%可信区间[0.20-0.26],P<0.00001,差异具有统计学意义,中西医治疗总有效率高于单纯西医治疗。（2）宫内妊娠妊娠率:WMD=15.31,95%可信区间范围为[-19.89,-10.72],P<0.00001,差异具有统计学意义,中西医治疗优于单纯西医治疗;观察6个月宫内妊娠率:OR=0.34,95%可信区间为[0.21,0.55],P<0.00001,差异具有统计学意义,中西医治疗优于单纯西医治疗;观察12个月宫内妊娠率:OR=0.28,95%可信区间为（0.18,0.43）,P<0.00001,差异具有统计学意义,中西医治疗优单纯于西医治疗。（3）不良反应:单纯西医治疗不良反应发生率为9.9%,中西医治疗不良反应发生率为1.1%,由此可见中西医治疗输卵管功能障碍性不孕的不良反应率低于单纯西医治疗。（4）输卵管再通率:I2=99%,P<0.00001,（MD=0.1...','不孕; 输卵管功能障碍; 中西医结合; Meta分析','广西中医药大学','2025','master','2026-04-21 09:32:51','2026-04-21 09:32:51'),('养膜方联合补佳乐治疗薄型子宫内膜不孕症肾虚证的临床观察','养膜方联合补佳乐治疗薄型子宫内膜不孕症肾虚证的临床观察','王烷馨','目的:观察养膜方联合补佳乐治疗薄型子宫内膜不孕症肾虚证的临床疗效,在进一步治疗薄型子宫内膜不孕症的诊疗思路和研究方法上提供帮助。方法:选取门诊符合纳入标准的60例患者,根据随机数字表分成2组,治疗组采用养膜方联合补佳乐治疗,对照组采用补佳乐治疗,两组均连续用药3个月经周期。在用药期间妊娠者停药。比较两组治疗前后子宫内膜厚度及形态、中医证候评分、月经量评分、临床妊娠率和临床综合疗效。结果:经统计分析,治疗前两组在年龄、病程等一般情况上未呈现出显著差异,两组具备可比性。子宫内膜厚度及形态:两组较治疗前均有改善(P<0.05),治疗后两组组间比较差异无统计学意义(P>0.0 5)。月经量和中医证候:两组较治疗前明显改善(P<0.0 5),治疗组的疗效优于对照组(P<0.05)。妊娠率:治疗组优于对照组(P<0.0 5),治疗组妊娠率为4 6.7%,对照组妊娠率为2 0.0%。临床综合疗效:治疗组优于对照组(P<0.05)。结论:养膜方联合补佳乐可以改善薄型子宫内膜不孕症肾虚证患者临床症状,增加月经量,改善子宫内膜厚度及形态,提高患者妊娠率,其临床综合疗效优于单纯补佳乐疗法。','不孕症; 薄型子宫内膜; 肾虚证; 养膜方; 补佳乐','湖南中医药大学','2024','master','2026-04-21 09:32:52','2026-04-21 09:32:52'),('输卵管积水相关不孕症诊治中国专家共识（2023年版）','输卵管积水相关不孕症诊治中国专家共识（2023年版）','张颐; 张师前; 邓雷; 李芳梅; 师伟; 关菁','<正>输卵管疾病相关不孕占女性不孕症的25%～35%，其中输卵管积水占比达30%[1]，是女性继发不孕的主要原因，尽管体外受精（in vitro fertilization,IVF）技术已臻成熟，但输卵管积水患者实施IVF的效果不佳，妊娠率不足15%，胚胎移植术后临床妊娠率仅为不合并输卵管积水者的50%，并且自然流产率增加[2]。因输卵管因素接受IVF者中约有25%合并输卵管积水，即使单侧输卵管积水，','输卵管积水; 不孕; 诊断; 治疗; 专家共识','中国实用妇科与产科杂志','2023','journal','2026-04-21 09:32:53','2026-04-21 09:32:53'),('卵巢储备功能减退不孕中医药联合辅助生殖临床诊疗专家共识','卵巢储备功能减退不孕中医药联合辅助生殖临床诊疗专家共识','董莉; 胡国华; 王春艳; 陈静; 夏艳秋; 黄宏丽','<正>不孕症是育龄期女性常见的难治病之一，世界卫生组织将其定为仅次于肿瘤和心脑血管病的第三大疾病。随着社会发展、人类生活环境和精神压力的改变，不孕症发病率逐年增高，卵巢储备功能在其中起到了重要作用。随着年龄增加，女性生育能力下降，这与卵母细胞的数量减少、质量下降有关，称为卵巢储备功能减退（diminished ovarian reserve,DOR）[1]。DOR在不孕症人群中的发病率为10%，其发病率有逐年上升及年轻化的趋势，约占女性卵巢疾病的20%。','卵巢储备功能减退; 不孕; 中医药; 辅助生殖; 专家共识','上海中医药杂志','2024','journal','2026-04-21 09:32:53','2026-04-21 09:32:53'),('不同扳机方案联合中药周期疗法治疗脾虚痰湿型PCOS不孕的临床观察','不同扳机方案联合中药周期疗法治疗脾虚痰湿型PCOS不孕的临床观察','钟钰','目的:本研究旨在比较不同扳机方案联合中药周期疗法诱导脾虚痰湿型多囊卵巢综合征不孕患者成熟卵泡排卵的应用效果,旨在寻求一种安全、高效的治疗方法,为中西医结合治疗多囊卵巢综合征性不孕提供临床思路和实践依据。方法:将139例符合纳排标准的脾虚痰湿型多囊卵巢综合征不孕患者,随机分为A组、B组和C组。3组患者均使用来曲唑促排卵治疗,排卵前配合中药以健脾利湿,理气活血为法。待卵泡成熟日分别使用人绒毛膜促性腺激素10000IU(A组)、促性腺激素释放激素激动剂0.1mg(B组)、人绒毛膜促性腺激素4000IU+促性腺激素释放激素激动剂0.1mg(C组)扳机,排卵后配合中药以健脾利湿,温阳补肾为法,疗程为2个月经周期。观察3组患者扳机日促排卵临床疗效,妊娠结局,未破裂卵泡黄素化综合征发生率,卵巢过度刺激综合征发生率,黄体囊肿发生率,未妊娠患者治疗前后早卵泡期性激素水平,中医证候积分及疗效评价。运用SPSS26.0软件进行数据统计及分析。结果:1.促排卵临床效果:三组患者卵泡成熟天数、扳机日的子宫内膜类型、优势卵泡个数、子宫动脉搏动指数及阻力指数、黄体中期性激素比较差异均无统计学意义(P>0.05)。A组患者扳机日子宫内膜较B组增厚,差异有统计学意义(P<0.05),A组与C组、B组与C组对比差异无统计学意义(P>0.05),三组患者扳机日成熟卵泡大小之间两两比较,差异均有统计学意义(P<0.05)。2.妊娠结局比较:C组患者第一促排卵周期宫内妊娠率、总宫内妊娠率均高于B组,差异有统计学意义(P<0.05)。三组患者第二促排卵周期宫内妊娠率比较,差异无统计学意义(P>0.05)。三组患者两促排卵周期早期自然流产率比较,差异均无统计学意义(P>0.05)。三组患者均未发生异位妊娠及多胎妊娠。3.并发症发生情况比较:三组患者未破裂卵泡黄素化综合征发生率以及卵巢囊肿发生率比较,差异均无统计学意义(P>0.05)。三组患者均未发生卵巢过度刺激综合征。4.未妊娠患者治疗前后早卵泡期性激素水平比较:三组患者治疗后LH/FSH均较治疗前下降,差异有统计学意义(P<0.05)。治疗后组间LH/FSH比较,差异无统计学意义(P>0.05)。E2、PRL、T三组组内比较以及组间比较,差异均无统计学意义(P>0.05)。5.中医证候积分及疗效评价:三组患者治疗后中医证候积分均较前下降,差异有统计学意义(P<0.05)。C组治疗后中医证...','人绒毛膜促性腺激素; 促性腺激素释放激素激动剂; 多囊卵巢综合征; 中药','广州中医药大学','2023','master','2026-04-21 09:32:54','2026-04-21 09:32:54'),('济生肾气丸治疗多囊卵巢综合征胰岛素抵抗不孕症临床观察','济生肾气丸治疗多囊卵巢综合征胰岛素抵抗不孕症临床观察','王雨亭; 黄静; 张燕; 黄建娣; 彭鸟; 郑学菊','目的：观察济生肾气丸加减方对多囊卵巢综合征胰岛素抵抗不孕症患者炎症水平的影响。方法：将60例符合纳入标准的患者随机分为3组各20例，西药组予盐酸二甲双胍片；中药组予济生肾气丸加减方；联合组予盐酸二甲双胍片联合济生肾气丸加减方。结果：治疗后各组中医证候评分均下降（P﹤0.05），联合组下降更显著（P﹤0.01）。FPG、FINS、HOMA-IR、β-catenin水平下降比较，联合组较明显（P﹤0.05）;SFRP5水平提高比较，联合组较明显（P﹤0.05），联合组WNT3A水平较治疗前上升（P﹤0.05）。结论：济生肾气丸加减方治疗肾虚痰瘀型多囊卵巢综合征胰岛素抵抗性不孕症患者可改善胰岛素抵抗及炎症水平，可能与通过提高SFRP5、Wnt3a水平，进一步抑制Wnt3a/β-catenin信号通路活化有关。','多囊卵巢综合征; 胰岛素抵抗; 不孕症; 肾虚痰瘀; 济生肾气丸加减方; 中医药疗法','山西中医','2025','journal','2026-04-21 09:32:54','2026-04-21 09:32:54'),('补肾调冲方治疗薄型子宫内膜不孕症患者的临床观察','补肾调冲方治疗薄型子宫内膜不孕症患者的临床观察','孟丹; 许琳; 赵红','目的 观察补肾调冲方对薄型子宫内膜不孕患者子宫内膜厚度、内膜形态、子宫内膜血流的影响，以评估补肾调冲方改善薄型子宫内膜容受性的临床疗效。方法 选取2018年10月—2019年10月期间就诊于中日友好医院中医妇科门诊的薄型子宫内膜不孕症患者50例，采用随机数字表法分为对照组和试验组，每组各25例。对照组给予戊酸雌二醇治疗，试验组在对照组基础上予补肾调冲方治疗，均从月经周期第5天口服，连服21 d, 21 d为1个疗程。治疗3个疗程后，观察比较两组患者治疗前后子宫内膜厚度、内膜形态[A型(三线型)、B型(均一的中等回声，宫腔中线可见)、C型(均质强回声，宫腔中线不可见)]、内膜血流指数[内膜下血流搏动指数(Pulse index, PI)和血流阻力指数(Resistant index, RI)]。结果 治疗后两组患者子宫内膜厚度较治疗前升高，差异有统计学意义(P<0.05)。且试验组高于对照组，差异有统计学意义(P<0.05)。治疗后两组患者子宫内膜分型A型较治疗前升高，差异有统计学意义(P<0.05),B型和C型较治疗前，差异无统计学意义(P>0.05);且试验组A型明显高于对照组，差异有统计学意义(P<0.05)。治疗后两组患者子宫内膜血流PI、RI指数较治疗前明显降低，差异有统计学意义(P<0.05);且试验组子宫内膜血流PI、RI指数与对照组比较，差异无统计学意义(P>0.05)。结论 补肾调冲方能够显著改善薄型子宫内膜不孕患者的子宫内膜厚度、内膜形态和子宫内膜血流参数，从而改善子宫内膜容受性。','薄型子宫内膜; 补肾调冲方; 子宫内膜容受性','世界中西医结合杂志','2023','journal','2026-04-21 09:32:54','2026-04-21 09:32:54'),('清心滋肾汤对PCOS不孕症患者情绪调节及辅助生殖助孕结局的临床观察','清心滋肾汤对PCOS不孕症患者情绪调节及辅助生殖助孕结局的临床观察','独文晨','目的:本研究观察清心滋肾汤对多囊卵巢综合征(Polycycstic ovary syndrome,PCOS)不孕症患者行辅助生殖技术助孕结局的影响,以及对该类患者焦虑、抑郁状态的改善作用,并探讨PCOS患者焦虑、抑郁状态的相关因素以及焦虑、抑郁状态是否对辅助生殖技术助孕结局产生影响。探讨在PCOS不孕症合并焦虑抑郁状态的人群中应用清心滋肾汤的可行性和有效性。方法:选取2022年10月到2023年11月就诊于江苏省中医院生殖医学科接受辅助生殖技术(Assistedreproductivetechnology,ART)治疗的PCOS不孕症女性。选取符合纳入标准的PCOS不孕症患者,按其ART治疗方案的不同,夫精人工授精(Intrauterineinsemination,IUI)组和体外受精-胚胎移植(in vitro fertilization and embryo transfer,IVF-ET)组各纳入100例患者。IUI组:采用临床随机、对照试验的原则和方法分为治疗组和对照组,每组各50例。治疗组先予清心滋肾汤预处理三个月经周期后进入IUI周期,对照组直接进入IUI周期。通过相关统计学分析,对比两组基础性激素、抗苗勒氏管激素(AMH)、睾酮(T)、窦卵泡计数(AFC)、促性腺激素(Gn)总量、扳机日内膜厚度及形态、排卵数、临床妊娠率、活产率、焦虑评分(SAS)、抑郁评分(SDS)、中医证候积分。IVF组:采用临床随机、对照试验的原则和方法分为治疗组和对照组,每组各50例。治疗组先予清心滋肾汤预处理三个月经周期后进入IVF(拮抗剂方案)周期,对照组直接进入IVF(拮抗剂)周期。通过相关统计学分析,对比两组基础性激素、AMH、AFC、Gn天数、启动剂量、总用量、扳机日雌二醇(E2)、促黄体生成素(LH)、孕酮(P)、内膜厚度及形态、获卵数、MⅡ数、2PN数、D3优质胚胎数、可移植胚胎数、MⅡ率、2PN受精率、2PN卵裂率、D3优质胚胎率、囊胚形成率、高评分囊胚率、鲜胚移植率、临床妊娠率、早期流产率、焦虑评分(SAS)、抑郁评分(SDS)、中医证候积分。通过相关统计学分析,对比年龄、不孕年限、不孕类型、身体质量指数(BMI)、基础性激素、AMH、T、AFC等是否对焦虑(SAS)、抑郁(SDS)评分产生影响;焦虑(SAS)、抑郁(SDS)评分是否对周期结局产生影响。以此来评定清心滋肾汤对PCOS不孕症患者辅助生殖...','多囊卵巢综合征; 清心滋肾汤; 焦虑; 抑郁状态; 辅助生殖技术','南京中医药大学','2024','master','2026-04-21 09:32:55','2026-04-21 09:32:55'),('温肾活血汤改善PCOS合并不孕患者子宫内膜容受性的临床观察','温肾活血汤改善PCOS合并不孕患者子宫内膜容受性的临床观察','宋联进; 庞名敏','目的 探讨温肾活血汤改善多囊卵巢综合征(PCOS)合并不孕患者子宫内膜容受性的临床观察。方法 选取2020年3月至2022年3月本院收治的PCOS合并不孕患者96例进行研究，依据随机数表法分成对照组(克罗米芬)48例和治疗组(除对照组治疗外加以温肾活血汤)48例，比较两组治疗后的有效率、治疗前后中医证候、痛经及月经量评分；治疗前后血清CA125、CA199和最大异位囊肿截面积；副反应出现情况。结果 两组治疗前中医证候积分比较无明显差异(P>0.05);两组治疗后中医证候积分均低于本组治疗前(P<0.05);且治疗组治疗后中医证候积分低于对照组(P<0.05);治疗后，治疗组子宫内膜形态分型主要为A型的人数占比明显高于对照组(P<0.05),B、C型组间相比差异无意义(P>0.05),且治疗后治疗组子宫内膜厚度高于对照组(P<0.05);治疗组临床妊娠占比高于对照组，未孕占比低于对照组(均P<0.05),但两组生化妊娠占比对比无明显差异(P>0.05)。结论 温肾活血汤治疗PCOS合并不孕的效果显著，能够提高受孕成功率，其作用机制可能与改善患者子宫内膜容受性有关，具有重要的推广价值。','温肾活血汤; 多囊卵巢综合征; 不孕; 子宫内膜容受性','贵州医药','2023','journal','2026-04-21 09:32:55','2026-04-21 09:32:55'),('耳穴贴压治疗行宫腔内人工授精术不孕症临床观察','耳穴贴压治疗行宫腔内人工授精术不孕症临床观察','连爱琴; 陈秋妮; 张嘉男','目的 观察耳穴贴压对行宫腔内人工授精术（Intrauterine insemination,IUI）不孕症患者的疗效。方法 选取2021年5月—2022年10月接受IUI治疗的不孕症患者56例，采用随机分配法分成观察组和对照组，各28例。对照组予常规IUI助孕治疗，观察组在常规治疗基础上行耳穴贴压治疗。比较两组状态焦虑量表（STAI）评分，生育压力量表（FPI）评分，血浆皮质醇水平，围排卵期黄体生成素（LH）、雌二醇（E2）水平，围排卵期子宫内膜厚度和卵泡大小，排卵率及妊娠结局。结果 治疗后，观察组STAI评分、FPI评分、血浆皮质醇水平均低于对照组（P<0.05）；观察组围排卵期LH水平、排卵率均高于对照组（P<0.05）；两组围排卵期E2水平、子宫内膜厚度和卵泡大小比较，差异无统计学意义（P>0.05）；观察组临床妊娠率、持续妊娠率、早期流产率、多胎妊娠率高于对照组，但差异无统计学意义（P>0.05）；两组均未出现宫外孕。结论 耳穴贴压可以减轻行IUI不孕症患者治疗期间存在的亚临床或者临床水平上的情绪障碍，且不影响临床妊娠率和流产率等妊娠结局。','不孕症; 宫腔内人工授精术; 耳穴贴压疗法; 中医外治法; 生育压力; 状态焦虑; 妊娠结局','中国中医药现代远程教育','2025','journal','2026-04-21 09:32:55','2026-04-21 09:32:55'),('中药二联法联合GnRH-a对Ⅲ、Ⅳ期内异症性不孕术后肾虚血瘀型的临床观察','中药二联法联合GnRH-a对Ⅲ、Ⅳ期内异症性不孕术后肾虚血瘀型的临床观察','王吴俐','目的通过应用化瘀消癥汤口服+补肾活血洗剂熏蒸联合GnRH-a对Ⅲ、Ⅳ期内异症性不孕腹腔镜术后肾虚血瘀型患者进行干预,观察两组患者治疗前后CA125、AMH、中医证候评分及月经复潮时间,随访治疗后6个月的复发及妊娠情况,以评价该疗法对Ⅲ、Ⅳ期内异症性不孕术后肾虚血瘀型患者的临床疗效。方法选取2022年01月至2023年03月就诊福建中医药大学附属南平市人民医院门诊及住院部符合标准的患者,依据随机数字表法分为对照组、观察组,每组各含42例。分别于治疗前、治疗后采集对照组(GnRH-a)和观察组(GnRH-a+化瘀消癥汤口服+补肾活血洗剂熏蒸)患者的CA125、AMH、中医证候评分情况,观察月经复潮时间,随访治疗后6个月的复发及妊娠情况,并运用SPSS 25.0对数据进行统计学处理,分析比较两种疗法对Ⅲ、Ⅳ期内异症性不孕腹腔镜术后肾虚血瘀型的临床疗效差异。结果1、一般资料两组患者在年龄、不孕年限、ASRM分期、EFI评分、卵巢型内异症比例、CA125、AMH、中医证候评分方面的比较,差异均无统计学意义(P>0.05),具有可比性。2、月经复潮时间观察组月经复潮时间均值为61.49天,对照组均值为64.31天,差异无统计学意义(P>0.05)。3、CA125两组患者治疗前后相比,CA125数值均有所下降,差异均具有统计学意义(P<0.05);观察组治疗后的CA125水平低于对照组,差异具有统计学意义(P<0.05)。4、AMH两组患者治疗前后相比,AMH数值均有所下降,差异均具有统计学意义(P<0.05);治疗后两组的AMH水平差异无统计学意义(P>0.05)。5、中医证候评分及疗效两组患者治疗后的中医证候评分较治疗前均有所降低,差异均具有统计学意义(P<0.05);观察组治疗后的中医证候评分低于对照组,差异具有统计学意义(P<0.05);中医证候的疗效比较:观察组的总有效率(92.31%),高于对照组的总有效率(82.05%),差异具有统计学意义(P<0.05)。6、复发率治疗后6个月内,观察组患者的复发率为5.13%,对照组为17.95%,差异无统计学意义(P>0.05)。7、妊娠率治疗后6个月内,观察组患者的妊娠率为28.21%,对照组为12.82%,差异无统计学意义(P>0.05)。8、妊娠准备时间观察组妊娠患者妊娠准备时间均值为91.82天,对照组均值为125.6天,差异有统计学意义(P...','Ⅲ; Ⅳ期子宫内膜异位症; 不孕; 肾虚血瘀; 中药熏蒸; GnRH-a','福建中医药大学','2024','master','2026-04-21 09:32:56','2026-04-21 09:32:56');
/*!40000 ALTER TABLE `paper` ENABLE KEYS */;

--
-- Dumping routines for database 'papers_records'
--
/*!40103 SET TIME_ZONE=@OLD_TIME_ZONE */;

/*!40101 SET SQL_MODE=@OLD_SQL_MODE */;
/*!40014 SET FOREIGN_KEY_CHECKS=@OLD_FOREIGN_KEY_CHECKS */;
/*!40014 SET UNIQUE_CHECKS=@OLD_UNIQUE_CHECKS */;
/*!40101 SET CHARACTER_SET_CLIENT=@OLD_CHARACTER_SET_CLIENT */;
/*!40101 SET CHARACTER_SET_RESULTS=@OLD_CHARACTER_SET_RESULTS */;
/*!40101 SET COLLATION_CONNECTION=@OLD_COLLATION_CONNECTION */;
/*!40111 SET SQL_NOTES=@OLD_SQL_NOTES */;

-- Dump completed on 2026-04-23 21:54:06
